[
    {
        "name": "Robben Island",
        "category": "Museums",
        "city": "Cape Town",
        "province": "Western Cape",
        "id": 1001,
        "isFeatured": true,
        "isFavorite": true,
        "placeType": "Island",
        "coordinates": {
            "longitude": 18.36622,
            "latitude": -33.80673
        },
        "description": "Unesco declared Robben Island in the Western Cape a World Heritage Site in 1999. Robben Island is located in Table Bay, some 6km west of Bloubergstrand, and stands some 30m above sea level. Robben Island has been used as prison and a place where people were isolated, banished and exiled to for nearly 400 years. It was also used as a post office, a grazing ground, a mental hospital and an outpost.In 1961 it started being used as a prison again. During apartheid many Black people were kept on Robben Island as political prisoners. Former President Nelson Mandela was kept there. The prison internationally notorious for its harsh conditions and when the political prisoners of the apartheid government were released Robben Island became a symbol of the strength of the human spirit.Robben Island was declared a World Heritage Site because the buildings on the island are a reminder of its sad history and because the same buildings also show the power of the human spirit, freedom and the victory of democracy over oppression.",
        "imageName": "robbenIsland"
    },
    {
        "name": "Cradle of Humankind",
        "category": "Others",
        "city": "Johannesburg",
        "province": "Gauteng",
        "id": 1002,
        "isFeatured": false,
        "isFavorite": false,
        "placeType": "Historical place in South Africa",
        "coordinates": {
            "longitude": 27.662457,
            "latitude": -25.96716
        },
        "description": "The Cradle of Humankind, one of eight World Heritage Sites in South Africa, and the only one in Gauteng, is renowned as the place where humankind originated. It is here that the first hominid, Australopithecus, was found in 1924 at Taung in the North West Province by Professor Raymond Dart of the University of the Witwatersrand. And is one of the major tourist attractions in South Africa.aropeng is a world-class exhibition centre that focuses on the development of humans and our ancestors over the past few million years. On arrival, visitors are met by what appears to be a massive burial mound, the entry point into the secrets of humankind’s beginnings.The Cradle of Humankind World Heritage Site, in the vicinity of the Muldersdrift area, is Gauteng province’s only World Heritage site and is world renowned for its fossil discoveries such as Mrs Ples, Little Foot, the Taung Child and the more recent new hominin species Australopithecus sediba.",
        "imageName": "cradleHumankind"
    },
    {
        "name": "Castle of Good Hope",
        "category": "Museums",
        "city": "Cape Town",
        "province": "Western Cape",
        "id": 1003,
        "isFeatured": false,
        "isFavorite": true,
        "placeType": "Castle",
        "coordinates": {
            "longitude": 18.4278,
            "latitude": -33.92587
        },
        "description": "In 1652, the Dutch East India Company (DEIC) settled on the shores of Table Bay to establish a refreshment base for ships en route from Europe to East Asia and to maintain its monopoly over the Spice Trade. Built by the DEIC between 1666 and 1679, the Castle of Good Hope is the oldest existing colonial building in South Africa. It replaced an older fort called the Fort de Goede Hoop which was constructed from clay and timber and built by Jan van Riebeeck, the first Commander of the Cape.. A four-pointed clay and timber fort was the first building to be erected in his time, and it was his suggestion that this be replaced by a more permanent structure that could withstand the elements and possible attacks. The existing stone “star fort” was built four years after Jan van Riebeeck left the Cape.The Castle acted as local headquarters for the South African Army in the Western Cape, and today houses the Castle Military Museum and ceremonial facilities for the traditional Cape Regiments. The Castle is also the home of the Cape Town Highlanders Regiment, a mechanised infantry unit.",
        "imageName": "castleGoodHope"
    },
    {
        "name": "The Big Hole",
        "category": "Others",
        "city": "Kimberley",
        "province": "Northern Cape",
        "id": 1004,
        "isFeatured": true,
        "isFavorite": true,
        "placeType": "Open-pit, underground",
        "coordinates": {
            "longitude": 24.75516,
            "latitude": -28.7365
        },
        "description": "150 years ago, the site of the Big Hole was a featureless, flat-topped hill. When word spread that diamonds had been discovered, thousands of prospectors, armed with nothing more than picks, shovels and hope, descended on Kimberley and created the largest hand-dug excavation in the world.The Big Hole, previously known as Kimberley Mine, is a former diamond mine located in Kimberley (then known as 'New Rush') in the Northern Cape. It is famous for being the largest hole excavated by hand in the world, and for its role in the diamond rush during the 1870s where almost 3 tons of diamonds were excavated.The Big Hole has a circumference of 1.6km and a depth of 1km. The hole was dug with picks and shovels for the first 240m. After diamond bearing kimberlite pipes were discovered in 1871, thousands of independent miners clamoured for a piece of the action. It eventually reached a point where up to 30,000 miners were working simultaneously in the hole. As the hole got deeper, and the complexity of mining increased, miners began to band together. Ultimately each group was bought by Sir Cecil John Rhodes of De Beers.",
        "imageName": "bigHole"
    },
    {
        "name": "Isandlwana Battlefield",
        "category": "Others",
        "city": "Dundee",
        "province": "KwaZulu-Natal",
        "id": 1005,
        "isFeatured": false,
        "isFavorite": false,
        "placeType": "Hill",
        "coordinates": {
            "longitude": 30.6515,
            "latitude": -28.35533
        },
        "description": "Historic Isandlwana battle, during which the British army was to suffer its biggest defeat ever at the hands of a native military foe, British High Commissioner in South Africa at the time, Sir Bartle Frere, had launched an invasion of Zululand after the expiry of his impossible ultimatum to the Zulu King Cetshwayo had expired. Frere was trying to establish a confederation of white-led states in southern Africa, but the Zulus stood firmly in the path of his ambitions.Realising that the initial attack had failed, the Zulu commanders sent Ndlaka and an induna forward to encourage the warriors. At this point Durnford’s position on the right collapsed and his men fell back towards the saddle, through which the warriors surged across the British line. As their line fell back from the Zulu advance, the right horn of the Zulu force had made its way behind the hill to cut off any British retreat back towards Rorke’s Drift.Both sides lost heavily in the battle of Isandlwana. Estimates of British losses were 1,357, and approximately 3,000 Zulu warriors were also killed. At this news, King Cetshwayo said ..'alas, a spear has been thrust into the belly of the nation'.",
        "imageName": "battlefield"
    },
    {
        "name": "Union Buildings",
        "category": "Others",
        "city": "Pretoria",
        "province": "Gauteng",
        "id": 1006,
        "isFeatured": false,
        "isFavorite": false,
        "placeType": "Building",
        "coordinates": {
            "longitude": 28.20721,
            "latitude": -25.73761
        },
        "description": "he Union Buildings are considered South Africa's Architectural masterpiece. Designed and built by Herbert Baker and completed in 1913, the Union Buildings houses the Administrative offices of the Union of South Africa. Today it is still the official seat of government and houses the offices of the President of South Africa. It is situated on Meintjieskop and overlooks the City. The Legislative seat of Parliament is in Cape Town!The Building is made from light sandstone and is over 275 m long. It is built in a semi-circle design with two wings at either side. The wings represented the union of a formally divided nation i.e. the English and the Afrikaners. On the grounds are the Dellville Wood War Memorials, which pay tribute to South African troops who died during the First World War. The terraced Gardens are magnificently laid exclusively with indigenous plants and boast a 9000 seat amphitheater. There are various Monuments and Statues within the spectacular Gardens.The Union Buildings have been the site of many important events, one being the march of Afrikaner women to the Union Buildings in 1915, to ask for the revision of prison sentences for those who rebelled against the government's decision to take part in the First World War. Forty years later, in 1956, some 20 000 women, protesting against Apartheid laws, undertook a procession to the Union Buildings to hand over a memorandum to Minister J.G. Strijdom. The Prime Minister was not in the city so the women were bitterly disappointed that they could not hand over the petition to the Prime Minister himself. Some of the leaders in the march included Lilian Ngoyi of the ANC, Helen Joseph of the Congress of Democrats, Sophie Williams of the African People's Party and Rahima Moosa of the South African Indian Congress.",
        "imageName": "union"
    },
    {
        "name": "Voortrekker Monument",
        "category": "Monuments",
        "city": "Pretoria",
        "province": "Gauteng",
        "id": 1007,
        "isFeatured": true,
        "isFavorite": false,
        "placeType": "Monument",
        "coordinates": {
            "longitude": 28.17217,
            "latitude": -25.7725
        },
        "description": "The Voortrekker Monument is smaller than Napoleon’s grave, the Hotel des Invalides in Paris, much smaller than the Taj Mahal in India and only an eleventh the size of the Völkerschlachtdenkmal in Leipzig. Compared to these buildings the Voortrekker Monument is definitely not one of the biggest monuments in the world; still the architect made a deliberate effort to design a massive and impressive monument.The visitor walks through a black wrought iron gate with an assegai motif. This suggests the power of Dingane who barred the way to the interior. Then the visitor stands inside a great wagon laager symbolically protecting the Monument. The wagon laager consists out of 64 wagons made of artistic granite. During the Battle of Blood River 64 wagons were used to draw the laager. The wagon laager is therefore symbolic of protecting the Monument – by implication protecting the Afrikaner and his culture against attacks. At the foot of the Monument, inside the wagon laager, stands a bronze statue of a Voortrekker woman and her two children. The sculptor was Anton van Wouw. The sculpture commemorates the courage of the Voortrekker women and the Voortrekker family who made the Great Trek and the eventual settlement of the interior possible. Without their contribution the Great Trek might have ended up being an exploration expedition because the Voortrekkers immigrated in the fullest sense of the word with house and home to a new fatherland. On both sides of the sculpture black wildebeest are chiselled against the wall – symbolic of the dangers of Africa. Their outward attitude implies that the woman, carrier of western civilization, triumphs.",
        "imageName": "voortrekker"
    },
    {
        "name": "Constitution Hill Human Rights Precinct",
        "category": "Museums",
        "city": "Johannesburg",
        "province": "Gauteng",
        "id": 1008,
        "isFeatured": false,
        "isFavorite": false,
        "placeType": "Heritage museum",
        "coordinates": {
            "longitude": 28.039,
            "latitude": -26.1865
        },
        "description": "Constitution Hill is almost as old as the city of Johannesburg, and the story behind its historic museums is outlined in the pages on the Old Fort, the Women's Jail and  Number Four.As the decades went by, the prisons at Constitution Hill became established sites of incarceration, along with the attendant issues of overcrowding, poor sanitation and disease. These problems were exacerbated with the advent of apartheid under the Nationalist government in 1948, and the burgeoning number of people arrested for both petty and severe apartheid laws.Prison numbers continued to escalate into the 1950s and 1960s, with the volume of political prisoners increasing with each significant political campaign that went against the apartheid regime. A total of 156 people, including Nelson Mandela and Oliver Tambo, were arrested and held at the prison complex before the historic Treason Trial in 1956, and two years later, 2 000 women ­– Winnie Madikizela-Mandela and Albertina Sisulu among them – were detained after protesting the pass laws. The Anti-Pass Campaign of 1960 saw additional prisoners incarcerated, and many schoolgoers below the age of 18 were arrested after the student uprisings of 1976.",
        "imageName": "hill"
    },
    {
        "name": "Taal Monument",
        "category": "Monuments",
        "city": "Paarl",
        "province": "Western Cape",
        "id": 1009,
        "isFeatured": false,
        "isFavorite": false,
        "placeType": "Historical landmark",
        "coordinates": {
            "longitude": 18.94257,
            "latitude": -33.76576
        },
        "description": "The Taal Monument (Afrikaans for the Language Monument) is a monument situated on Paarl Mountain in Paarl, around 45 minutes from Cape Town. It was designed by architect, Jan van Wijk, and built in 1975 to commemorate the recognition of Afrikaans as an official South African language 100 years prior. The monument consists of 3 domes and 3 obelisk shaped pillars, each of which represents a culture influential to the Afrikaans language. The tall needle that stands amongst these objects is the most iconic section of the monument and can be seen for miles.Known simply as the Taal monument or Afrikaans language monument, the most famous Afrikaans icon, die Afrikaanse Taalmonument, sits on Paarl rock, erected in 1975 to commemorate the semi centenary of Afrikaans as an official language, separate from Dutch, overlooking the farmlands of Stellenbosch and Paarl.Designed by architect Jan van Wijk, the monument, shaped in a number of tall obelisk style columns, takes its inspiration from the surrounding environment of granite rock and the words of NP van Wyk Louw.",
        "imageName": "taal"
    },
    {
        "name": "Nelson Mandela Capture Site",
        "category": "Others",
        "city": "Howick",
        "province": "KwaZulu-Natal",
        "id": 1010,
        "isFeatured": false,
        "isFavorite": false,
        "placeType": "Tourist attraction",
        "coordinates": {
            "longitude": 30.1723,
            "latitude": 29.4651
        },
        "description": "Nelson Mandela is the late former president of South Africa. But, he earned his acclaim based more on his efforts to establish racial, social and political equality in a South Africa that had been ravaged by the harmful effects of the Apartheid regime. The Nelson Mandela Capture Site is a cultural and historical exhibition that is situated at the site at which Nelson Mandela was apprehended for his anti-Apartheid activism acts in August 1952.Mr Mandela had been travelling in disguise as the chauffeur of the car he drove, and was on the R103 road between Durban and Johannesburg. Apartheid police had been hunting Nelson Mandela down for 17 months and, as he passed along this stretch of road, they were finally able to capture and arrest him. This marked one of the most significant moments in the history of the Apartheid era, as well as the future of this country.From the time of his incarceration, Nelson Mandela made great strides in awakening the consciousness of South Africans, and the world, to the inequalities and unfair treatment that was carrying on within the borders of this great land.",
        "imageName": "capture"
    },
    {
        "name": "Freedom Park",
        "category": "Monuments",
        "city": "Pretoria",
        "province": "Gauteng",
        "id": 1011,
        "isFeatured": false,
        "isFavorite": false,
        "placeType": "Heritage museum",
        "coordinates": {
            "longitude": 28.1888,
            "latitude": -25.767
        },
        "description": "The site of Freedom Park was carefully chosen, a 52 hectare undeveloped hill overlooking the city of Pretoria. It was here that the nation’s heroes would be honoured and the complex story of South Africa and its people would be told.Freedom Park was established as the South African government's response to the Truth and Reconciliation Commission. It took into account the public's need for a memorial to fittingly honour those who sacrificed their lives to win freedom. It also celebrates and explores the country's diverse peoples, and our common humanity, through compelling stories, performances, exhibits and architecture.Freedom Park is a national and international site that celebrates the ideals of liberty, diversity and human rights. Freedom Park is a cultural institution housing a museum and a memorial dedicated to chronicling and honouring the many who contributed to South Africa's liberation.The Wall of Names currently bears 75,000 names of those who died fighting for humanity and freedom in South Africa. The wall has space for 136,000 names to be inscribed. The Wall of Names is not constructed as a fait accompli and allows future generations to add the names of their deserving heroes and heroines.",
        "imageName": "freedom"
    },
    {
        "name": "Anglo-Boer War Museum",
        "category": "Museums",
        "city": "Bloemfontein",
        "province": "Free State",
        "id": 1012,
        "isFeatured": false,
        "isFavorite": false,
        "placeType": "Historical landmark",
        "coordinates": {
            "longitude": 24.527745,
            "latitude": -32.253283
        },
        "description": "In modern society suffering caused by war is still a reality. South Africa experienced this suffering during the Anglo-Boer War, also referred to as the South African War of 1899-1902. The outcome was bitterness, hatred, dispossession and division for many decades to come. More than a century later South Africans can look back at this event as a shared tragedy that shaped the social, political, economical and historical landscape of South Africa as we know it today.In order to understand the history of South Africa, a visit to the War Museum is an absolute must. The War Museum not only provides the visitor with an insight into the course and development of the Anglo-Boer War through its unique collection and exhibitions, but it also brings the visitor closer to understanding the background against which the war took place and the universal suffering it caused.The War Museum in Bloemfontein provides an understanding of the background against which the Anglo-Boer War took place through its unique art collection, dioramas and exhibitions. The course and development of the war unfolds in front of your eyes as you progress through the museum. You are also afforded a glimpse into the life and suffering endured in the concentration and prisoner-of-war camps.",
        "imageName": "anglo"
    },
    {
        "name": "Wonder Cave",
        "category": "Others",
        "city": "Kromdraai",
        "province": "Gauteng",
        "id": 1013,
        "isFeatured": false,
        "isFavorite": false,
        "placeType": "Nature preserve",
        "coordinates": {
            "longitude": 23.55233,
            "latitude": -27.84033
        },
        "description": "Wonderwerk Cave, located in the Northern Cape Province of South Africa, is an archaeological treasure that preserves a record of human activity spanning almost two million years.  The Wonderwerk Cave Research Project is an international collaboration brought together to explore this spectacular site as well as other, early archaeological sites in the region including those around the town of Kathu and the Hutton Sands at Canteen Kopje on the Vaal River.The Northern Cape is one of South Africa’s lesser known treasures, as it is not quite the tourist hotspot that provinces like Gauteng and the Western Cape are. However, it is brimming with so many natural, historical and cultural attractions that reflect the variety and multi-faceted appeal of this country.The Wonderwerk Cave is situated about 43 kilometres from the little town of Kuruman in the Northern Cape and is an archaeological wonder that delights visitors young or old. This cave is huge, extending some 139 metres into the earth. There are legends of old explorers being able to turn their wagons and full span of oxen around in the entrance of the cave.Today, this cave is a National Heritage Site and a very valuable resource for its geological wealth. It is in the dolomite rocks of the Kuruman Hills and, thanks to the hillside erosion, the northern end of the cave has been exposed. Some of the deposits inside the cave are up to seven metres deep and tell the fascinating tale of the ancient world, even providing evidence of the plant, animal and human life that existed here millions of years ago.",
        "imageName": "wonderwerk"
    },
    {
        "name": "Gold Reef City",
        "category": "Others",
        "city": "Johannesburg",
        "province": "Gauteng",
        "id": 1014,
        "isFeatured": false,
        "isFavorite": false,
        "placeType": "Amusement park",
        "coordinates": {
            "longitude": 28.00733,
            "latitude": -26.235
        },
        "description": "Gold Reef City is a re-creation of turn-of-the-century Johannesburg, which was flooded by prospectors after the discovery of gold in 1886. With its Victorian houses and geological displays, it offers many fascinating insights into life in Johannesburg long before the technological age. In the centre of Gold Reef City stands Shaft No 14 which was opened in 1887 and closed after 84 years of operation in 1971.The Gold Reef City theme park, located in central Johannesburg, is built around an authentic 19th century gold mine, and brings together fascinating historical attractions with some of the most thrilling rides in the southern hemisphere. For a day of frenetic family fun, it cannot be beaten.Walking into the theme park at Gold Reef City is like stepping in to another world. Built around an authentic 19th century gold mine, the park successfully combines an old-world museum atmosphere with some of the wildest rides south of the equator. Start your Gold Reef City visit with a Jozi's Story of Gold tour through the variety of museums offering a peek into what life was like in the burgeoning mining camp that was Johannesburg in the 19th century. Underground tours of the mine as well as a gold-pouring demonstration are also on offer. ",
        "imageName": "gold"
    }
]
